MOTU_Ward;MOTU_ASAP;MOTU_bGMYC;MOTU_KoT;MOTU_bPTP;Site_Position;Diagnostic_Base;N_in;N_out
1;1;9;1;1;363;c;10;591
5;2;9;10;5;480;t;2;599
8;3;8;22;9;48;g;4;597
8;3;8;22;9;281;t;4;597
12;5;7;20;14;129;a;3;598
14;6;11;4;16;528;g;110;491
15;6;11;4;16;420;a;6;595
18;7;10;8;18;318;c;6;595
19;7;10;8;19;447;c;6;595
20;8;5;24;20;289;g;3;598
20;8;5;24;20;453;c;3;598
21;8;5;24;21;216;c;1;600
21;8;5;24;21;270;g;1;600
23;9;6;9;22;252;g;15;586
24;9;6;9;23;417;g;1;600
26;9;6;9;25;495;c;9;592
27;10;4;23;26;37;a;1;600
27;10;4;23;26;87;c;1;600
27;10;4;23;26;255;c;1;600
27;10;4;23;26;513;g;1;600
27;10;4;23;26;534;g;1;600
27;10;4;23;26;577;t;1;600
27;10;4;23;26;579;a;1;600
30;11;3;2;27;625;c;2;599
31;11;3;2;27;120;c;10;591
33;11;3;2;27;51;c;26;575
37;12;3;3;28;40;a;3;598
42;13;3;19;30;540;c;3;598
44;13;3;18;32;303;a;2;599
46;14;2;5;34;60;g;5;596
49;14;2;14;36;169;g;2;599
49;14;2;14;36;516;g;2;599
51;15;2;16;38;498;g;10;591
